year,adm1,adm3,adm1-adm3,asdf_id,shapeID,qfirms,sales,labour,sercotec,bdd,add,rank_qfirms,rank_sales,rank_labour,rank_sercotec,rank_bdd,rank_add,COORD_X,COORD_Y
2021,OHiggins,Marchigue,OHig-Marc,0,CHL-ADM3-31136180B50538386,620,  24.510365000000000,1856,  18.811602000000001,  18.811602000000001,   0.000000000000000,243,299,241,162,150,173, -71.681867999999994, -34.359057000000000
2021,OHiggins,Codegua,OHig-Code,1,CHL-ADM3-31136180B54262267,640,  24.706683000000002,3328,  16.461915999999999,  16.461915999999999,   0.000000000000000,240,266,180,335,332,335, -70.498716000000002, -34.039307999999998
2021,OHiggins,Coinco,OHig-Coin,2,CHL-ADM3-31136180B4849223,446,  24.069714000000001,1555,  17.659486000000001,  17.659486000000001,   0.000000000000000,273,329,262,285,278,286, -70.970391000000006, -34.283279000000000
2021,OHiggins,Coltauco,OHig-Colt,3,CHL-ADM3-31136180B94556136,1097,  24.958164000000000,6992,  17.537814000000001,  17.537814000000001,   0.000000000000000,178,235,116,290,283,291, -71.086185000000000, -34.278194999999997
2021,"Araucania, La",Cholchol,Arau-Chol,4,CHL-ADM3-31136180B14840627,289,  27.769984000000001,1360,  16.537081000000001,  16.537081000000001,   0.000000000000000,301,47,271,332,329,332, -72.889482000000001, -38.574725999999998
2021,"Araucania, La",Cunco,Arau-Cunc,5,CHL-ADM3-31136180B11933338,896,  24.555934000000001,2762,  18.199179999999998,  18.199179999999998,   0.000000000000000,200,289,200,237,226,240, -71.948980000000006, -38.956206000000002
2021,"Araucania, La",Freire,Arau-Frei,6,CHL-ADM3-31136180B38398061,947,  24.688115000000000,2089,  18.959954000000000,  18.959954000000000,   0.000000000000000,194,269,228,144,132,156, -72.599307999999994, -38.948279999999997
2021,"Araucania, La",Galvarino,Arau-Galv,7,CHL-ADM3-31136180B97044930,354,  23.968640000000001,1618,  16.769646999999999,  16.769646999999999,   0.000000000000000,292,332,259,325,323,326, -72.799526000000000, -38.449792000000002
2021,OHiggins,Graneros,OHig-Gran,8,CHL-ADM3-31136180B79139282,1519,  25.407276000000000,11633,  18.434170000000002,  18.434170000000002,   0.000000000000000,136,199,85,207,193,212, -70.753949000000006, -34.065582999999997
2021,OHiggins,Malloa,OHig-Mall,9,CHL-ADM3-31136180B87090592,821,  24.566928000000001,2941,  17.813575000000000,  17.813575000000000,   0.000000000000000,215,286,194,276,268,277, -70.888166999999996, -34.470663999999999
2021,"Araucania, La",Nueva Imperial,Arau-Nuev,10,CHL-ADM3-31136180B46531732,1332,  24.908300000000001,3377,  19.352259000000000,  19.352259000000000,   0.000000000000000,144,242,179,113,101,132, -73.003073999999998, -38.737253000000003
2021,"Araucania, La",Perquenco,Arau-Perq,11,CHL-ADM3-31136180B49640287,270,  27.769109000000000,1067,  17.274301000000001,  17.274301000000001,   0.000000000000000,306,56,282,308,305,309, -72.463206000000000, -38.435833000000002
2021,"Araucania, La",Pitrufquen,Arau-Pitr,12,CHL-ADM3-31136180B68903080,1229,  24.924294000000000,4298,  18.334083000000000,  18.334083000000000,   0.000000000000000,157,238,150,221,209,224, -72.677273999999997, -39.074272999999998
2021,"Araucania, La",Temuco,Arau-Temu,13,CHL-ADM3-31136180B48470974,18679,  27.894511999999999,77994,  21.108188999999999,  21.108188999999999,   0.000000000000000,9,12,8,17,16,77, -72.672340000000005, -38.671151000000002
2021,"Araucania, La",Teodoro Schmidt,Arau-Teod,14,CHL-ADM3-31136180B71580737,717,  27.775338999999999,1041,  18.816700000000001,  18.816700000000001,   0.000000000000000,232,19,283,158,146,169, -73.132868000000002, -39.010486999999998
2021,"Araucania, La",Vilcun,Arau-Vilc,15,CHL-ADM3-31136180B97015396,1307,  24.960542000000000,2598,  18.216135999999999,  18.216135999999999,   0.000000000000000,147,234,207,236,225,239, -72.164096000000001, -38.716270999999999
2021,"Araucania, La",Angol,Arau-Ango,16,CHL-ADM3-31136180B21221108,2843,  25.908899999999999,14138,  19.900123000000001,  19.900123000000001,   0.000000000000000,92,160,73,64,47,95, -72.777383999999998, -37.786405000000002
2021,"Araucania, La",Collipulli,Arau-Coll,17,CHL-ADM3-31136180B803763,1113,  24.844028999999999,4278,  18.880514000000002,  18.880514000000002,   0.000000000000000,174,251,151,151,138,162, -72.141238000000001, -38.013900000000000
2021,"Araucania, La",Curacautin,Arau-Cura,18,CHL-ADM3-31136180B88754374,1290,  24.736522000000001,3104,  19.274612000000001,  19.274612000000001,   0.000000000000000,151,264,187,118,105,136, -71.757707999999994, -38.426186999999999
2021,"Araucania, La",Ercilla,Arau-Erci,19,CHL-ADM3-31136180B80648643,242,  27.769036000000000,324,  18.485925999999999,  18.485925999999999,   0.000000000000000,310,58,323,202,188,207, -72.303927999999999, -38.092151000000001
2021,"Araucania, La",Los Sauces,Arau-Los ,20,CHL-ADM3-31136180B10276857,413,  23.885155000000001,1162,  18.402820999999999,  18.402820999999999,   0.000000000000000,279,334,277,210,195,214, -72.784532999999996, -37.991455999999999
2021,"Araucania, La",Lumaco,Arau-Luma,21,CHL-ADM3-31136180B10660337,383,  24.017467000000000,1976,  20.584740000000000,  19.148980999999999,  20.313016999999999,285,330,237,32,112,5, -73.042796999999993, -38.298335000000002
2021,"Araucania, La",Puren,Arau-Pure,22,CHL-ADM3-31136180B41566149,727,  27.774419000000002,2028,  19.301570999999999,  19.301570999999999,   0.000000000000000,228,20,233,115,102,133, -73.054911000000004, -38.000335999999997
2021,"Araucania, La",Renaico,Arau-Rena,23,CHL-ADM3-31136180B37300568,459,  27.771968000000001,1242,  17.651783999999999,  17.651783999999999,   0.000000000000000,268,30,275,286,279,287, -72.579025000000001, -37.713231999999998
2021,"Araucania, La",Traiguen,Arau-Trai,24,CHL-ADM3-31136180B41220193,986,  24.666212000000002,4043,  19.580735000000001,  19.580735000000001,   0.000000000000000,189,275,157,91,72,115, -72.689509000000001, -38.252662000000001
2021,"Araucania, La",Victoria,Arau-Vict,25,CHL-ADM3-31136180B81133483,1885,  25.455024999999999,8387,  19.953322000000000,  19.953322000000000,   0.000000000000000,119,193,105,62,46,94, -72.239811000000003, -38.282339999999998
2021,Metropolitana,San Joaquin,Metr-San ,26,CHL-ADM3-31136180B25416257,4538,  26.643751999999999,17116,  18.869769000000002,  18.869769000000002,   0.000000000000000,63,126,63,153,140,164, -70.625968000000000, -33.492713999999999
2021,OHiggins,Peumo,OHig-Peum,27,CHL-ADM3-31136180B27678881,865,  24.684643999999999,3229,  18.156357000000000,  18.156357000000000,   0.000000000000000,208,271,185,241,231,244, -71.211968999999996, -34.331665999999998
2021,OHiggins,Pichidegua,OHig-Pich,28,CHL-ADM3-31136180B11160085,1532,  25.135729000000001,5213,  19.393014999999998,  19.393014999999998,   0.000000000000000,134,216,133,110,94,129, -71.348049000000003, -34.362696999999997
2021,"Lagos, Los",San Pablo,Lago-San ,29,CHL-ADM3-31136180B83944921,528,  24.464963999999998,1718,  17.379573000000001,  17.379573000000001,   0.000000000000000,258,301,250,300,296,301, -73.151056999999994, -40.437460999999999
2021,"Rios, Los",La Union,Rios-La U,30,CHL-ADM3-31136180B35354558,2490,  25.749196000000001,8540,  19.670351000000000,  19.670351000000000,   0.000000000000000,102,173,104,84,65,110, -73.154470000000003, -40.189025999999998
2021,"Rios, Los",Los Lagos,Rios-Los ,31,CHL-ADM3-31136180B99190225,997,  24.688105000000000,2266,  18.366765000000001,  18.366765000000001,   0.000000000000000,187,270,220,217,205,221, -72.563007999999996, -39.870168999999997
2021,"Rios, Los",Mafil,Rios-Mafi,32,CHL-ADM3-31136180B24240960,419,  27.771132000000001,1497,  17.798286999999998,  17.798286999999998,   0.000000000000000,277,37,266,278,270,279, -72.832226000000006, -39.685659999999999
2021,"Rios, Los",Paillaco,Rios-Pail,33,CHL-ADM3-31136180B15693729,1288,  24.934152000000001,4747,  19.153072999999999,  19.153072999999999,   0.000000000000000,152,236,142,123,109,140, -72.863775000000004, -40.071024000000001
2021,Maule,Curepto,Maul-Cure,34,CHL-ADM3-31136180B94694792,453,  27.772054000000001,1381,  17.781828000000001,  17.781828000000001,   0.000000000000000,271,29,270,279,271,280, -71.951409999999996, -35.142605000000003
2021,Maule,Empedrado,Maul-Empe,35,CHL-ADM3-31136180B74007650,239,  23.933450000000001,813,  18.930976000000001,  17.725418000000001,  18.574978999999999,312,333,295,145,275,37, -72.262477000000004, -35.628453000000000
2021,Metropolitana,San Miguel,Metr-San ,36,CHL-ADM3-31136180B64893171,7676,  27.148762000000001,35311,  20.544066000000001,  19.878046999999999,  19.823032999999999,35,104,30,36,49,14, -70.651591999999994, -33.499001000000000
2021,Maule,Pencahue,Maul-Penc,37,CHL-ADM3-31136180B39049316,586,  24.162818000000001,2035,  17.570430000000002,  17.570430000000002,   0.000000000000000,246,321,231,289,282,290, -71.838020000000000, -35.324092999999998
2021,OHiggins,Rancagua,OHig-Ranc,38,CHL-ADM3-31136180B20245953,12918,  27.473096999999999,52410,  21.307364000000000,  21.307364000000000,   0.000000000000000,18,93,16,14,11,75, -70.809425000000005, -34.122937000000000
2021,OHiggins,Requinoa,OHig-Requ,39,CHL-ADM3-31136180B32575138,1743,  25.620467999999999,9632,  18.862355000000001,  18.862355000000001,   0.000000000000000,123,178,94,155,142,166, -70.671108000000004, -34.334339000000000
2021,OHiggins,Mostazal,OHig-Most,40,CHL-ADM3-31136180B47852287,1262,  25.165780000000002,6453,  18.546044999999999,  18.546044999999999,   0.000000000000000,153,214,118,193,178,198, -70.579774000000000, -33.949565999999997
2021,OHiggins,San Vicente,OHig-San ,41,CHL-ADM3-31136180B23417950,3413,  26.027567999999999,13336,  20.248723999999999,  20.248723999999999,   0.000000000000000,77,154,76,47,38,87, -71.122225000000000, -34.468330000000002
2021,OHiggins,Nancagua,OHig-Nanc,42,CHL-ADM3-31136180B91281518,1188,  24.920145000000002,4055,  19.369465000000002,  19.369465000000002,   0.000000000000000,163,239,156,111,97,130, -71.199807000000007, -34.666251000000003
2021,OHiggins,Peralillo,OHig-Pera,43,CHL-ADM3-31136180B79623790,894,  24.677212000000001,3458,  18.540009000000001,  18.540009000000001,   0.000000000000000,201,273,175,194,179,199, -71.507925999999998, -34.462147000000002
2021,OHiggins,Placilla,OHig-Plac,44,CHL-ADM3-31136180B82169225,649,  24.388185000000000,3055,  17.995660000000001,  17.995660000000001,   0.000000000000000,238,309,192,256,246,258, -71.087404000000006, -34.616866000000002
2021,OHiggins,Pumanque,OHig-Puma,45,CHL-ADM3-31136180B34307885,262,  27.768892000000001,521,  17.924153000000000,  17.924153000000000,   0.000000000000000,307,61,308,260,252,262, -71.701367000000005, -34.588329999999999
2021,Coquimbo,Andacollo,Coqu-Anda,46,CHL-ADM3-31136180B39583347,496,  24.135093000000001,1571,  17.814105999999999,  17.814105999999999,   0.000000000000000,263,325,260,275,267,276, -71.102016000000006, -30.245341000000000
2021,Metropolitana,San Ramon,Metr-San ,47,CHL-ADM3-31136180B67024307,2862,  25.781670999999999,13525,  18.292929000000001,  18.292929000000001,   0.000000000000000,90,170,74,227,215,230, -70.641665000000003, -33.539064000000003
2021,"Araucania, La",Gorbea,Arau-Gorb,48,CHL-ADM3-31136180B28753338,902,  24.612559000000001,2394,  18.305482000000001,  18.305482000000001,   0.000000000000000,198,280,214,224,212,227, -72.720411999999996, -39.178210999999997
2021,"Araucania, La",Lautaro,Arau-Laut,49,CHL-ADM3-31136180B80590692,1915,  25.545791000000001,7454,  18.045528000000001,  18.045528000000001,   0.000000000000000,117,185,113,252,242,255, -72.288588000000004, -38.541921000000002
2021,"Lagos, Los",Puqueldon,Lago-Puqu,50,CHL-ADM3-31136180B30868465,207,  27.768359000000000,650,  15.319768000000000,  15.319768000000000,   0.000000000000000,319,67,301,343,342,343, -73.629090000000005, -42.636211000000003
2021,"Lagos, Los",Fresia,Lago-Fres,51,CHL-ADM3-31136180B17117721,761,  24.598129000000000,1627,  17.961124000000002,  17.961124000000002,   0.000000000000000,225,285,257,257,249,259, -73.591984999999994, -41.154772999999999
2021,"Lagos, Los",Llanquihue,Lago-Llan,52,CHL-ADM3-31136180B37858525,1044,  24.918721999999999,2821,  18.285041000000000,  18.285041000000000,   0.000000000000000,184,240,198,230,218,233, -73.199682999999993, -41.224038999999998
2021,"Lagos, Los",Osorno,Lago-Osor,53,CHL-ADM3-31136180B49984507,10960,  27.355846000000000,45622,  20.566787999999999,  20.565739000000001,  13.706642000000000,25,98,21,34,29,74, -73.124823000000006, -40.601435000000002
2021,"Lagos, Los",Purranque,Lago-Purr,54,CHL-ADM3-31136180B87563953,1200,  25.094695000000002,3884,  17.873225999999999,  17.873225999999999,   0.000000000000000,160,221,160,268,261,270, -73.464572000000004, -40.930937999999998
2021,Magallanes,Laguna Blanca,Maga-Lagu,55,CHL-ADM3-31136180B35640253,18,  28.459360000000000,107,  16.118096000000001,  16.118096000000001,   0.000000000000000,342,5,335,338,337,338, -71.182693999999998, -52.615935999999998
2021,Metropolitana,Independencia,Metr-Inde,56,CHL-ADM3-31136180B70269391,4607,  26.692056999999998,20679,  20.224761999999998,  19.116543000000000,  19.824065999999998,62,123,52,49,116,13, -70.663004999999998, -33.412097000000003
2021,Valparaiso,Rinconada,Valp-Rinc,57,CHL-ADM3-31136180B35435549,530,  24.228816999999999,1892,  16.045645000000000,  16.045645000000000,   0.000000000000000,257,317,240,339,338,339, -70.706971999999993, -32.877181999999998
2021,Valparaiso,Cabildo,Valp-Cabi,58,CHL-ADM3-31136180B66357601,1336,  25.090153000000001,4825,  17.399149000000001,  17.399149000000001,   0.000000000000000,143,223,139,297,293,298, -70.802869999999999, -32.425185999999997
2021,Valparaiso,Petorca,Valp-Peto,59,CHL-ADM3-31136180B71540041,551,  27.773199999999999,2512,  16.879021000000002,  16.879021000000002,   0.000000000000000,254,23,211,318,316,319, -70.833377999999996, -32.185426999999997
2021,Metropolitana,La Cisterna,Metr-La C,60,CHL-ADM3-31136180B94327444,5306,  26.753340000000001,20892,  19.493921000000000,  19.493921000000000,   0.000000000000000,52,117,51,100,82,120, -70.666595999999998, -33.530459999999998
2021,Valparaiso,Panquehue,Valp-Panq,61,CHL-ADM3-31136180B7969939,455,  24.153596000000000,3077,  16.784762000000001,  16.784762000000001,   0.000000000000000,269,322,189,323,321,324, -70.832026999999997, -32.797345999999997
2021,Biobio,Canete,Biob-Cane,62,CHL-ADM3-31136180B29236520,1713,  25.316029000000000,3398,  19.408885000000001,  19.408885000000001,   0.000000000000000,124,204,178,107,91,126, -73.277150000000006, -37.862730999999997
2021,Biobio,Contulmo,Biob-Cont,63,CHL-ADM3-31136180B45607049,288,  27.769787999999998,683,  17.904843000000000,  17.904843000000000,   0.000000000000000,303,49,299,262,254,264, -73.206692000000004, -38.036284999999999
2021,Biobio,Curanilahue,Biob-Cura,64,CHL-ADM3-31136180B89277321,1256,  24.962769000000002,2780,  19.130146000000000,  19.130146000000000,   0.000000000000000,154,233,199,127,114,144, -73.232004000000003, -37.492607000000000
2021,Biobio,Lebu,Biob-Lebu,65,CHL-ADM3-31136180B53899768,1175,  24.971834000000001,1834,  18.488799000000000,  18.488799000000000,   0.000000000000000,166,231,242,201,187,206, -73.622541999999996, -37.754992999999999
2021,Biobio,Los alamos,Biob-Los ,66,CHL-ADM3-31136180B86942717,747,  27.775528000000001,1463,  19.225749000000000,  19.225749000000000,   0.000000000000000,227,16,268,120,107,138, -73.386787999999996, -37.676558000000000
2021,Metropolitana,Penalolen,Metr-Pena,67,CHL-ADM3-31136180B67400941,8736,  26.944542999999999,33817,  19.930785000000000,  19.835486000000000,  17.532774000000000,32,114,32,63,53,55, -70.509877000000003, -33.487180000000002
2021,Valparaiso,Olmue,Valp-Olmu,68,CHL-ADM3-31136180B86023520,1056,  24.846107000000000,3502,  17.771670000000000,  17.771670000000000,   0.000000000000000,183,250,172,280,272,281, -71.108446000000001, -33.033892000000002
2021,Valparaiso,Cartagena,Valp-Cart,69,CHL-ADM3-31136180B30333056,1113,  24.786926999999999,3231,  18.314978000000000,  18.314978000000000,   0.000000000000000,175,255,184,223,211,226, -71.453770000000006, -33.528818999999999
2021,Valparaiso,Catemu,Valp-Cate,70,CHL-ADM3-31136180B55605587,749,  24.501056999999999,2351,  16.692298000000001,  16.692298000000001,   0.000000000000000,226,300,216,327,325,328, -70.957103000000004, -32.706505000000000
2021,Valparaiso,Llaillay,Valp-Llai,71,CHL-ADM3-31136180B21836790,1205,  24.891991000000001,4707,  17.886178999999998,  17.886178999999998,   0.000000000000000,159,244,143,265,258,267, -70.885211999999996, -32.884160999999999
2021,Valparaiso,San Felipe,Valp-San ,72,CHL-ADM3-31136180B70850057,4733,  26.446280999999999,21631,  19.295248999999998,  19.295248999999998,   0.000000000000000,61,134,49,116,103,134, -70.747681999999998, -32.741408999999997
2021,Valparaiso,Santa Maria,Valp-Sant,73,CHL-ADM3-31136180B50730247,911,  24.830549000000001,4803,  17.686623000000001,  17.686623000000001,   0.000000000000000,197,253,140,283,276,284, -70.601823999999993, -32.682389000000001
2021,Valparaiso,Villa Alemana,Valp-Vill,74,CHL-ADM3-31136180B24814376,5016,  26.242629999999998,17455,  19.846229000000001,  19.846229000000001,   0.000000000000000,55,144,61,70,51,98, -71.322834999999998, -33.070610000000002
2021,Biobio,Laja,Biob-Laja,75,CHL-ADM3-31136180B94856574,867,  24.725130000000000,3479,  17.885134999999998,  17.885134999999998,   0.000000000000000,206,265,174,266,259,268, -72.587007999999997, -37.316566000000002
2021,Biobio,Los angeles,Biob-Los ,76,CHL-ADM3-31136180B97990392,12992,  27.501047000000000,47873,  20.847694000000001,  20.766404000000001,  18.297590000000000,17,92,19,20,23,41, -72.336574999999996, -37.427342000000003
2021,Biobio,Mulchen,Biob-Mulc,77,CHL-ADM3-31136180B37408977,1244,  25.076415000000001,3539,  19.976378000000000,  17.992362000000000,  19.828438999999999,156,224,169,60,247,12, -72.058475000000001, -37.868983999999998
2021,Biobio,Nacimiento,Biob-Naci,78,CHL-ADM3-31136180B39870910,1162,  25.121715999999999,3981,  20.145295000000001,  18.840969000000001,  19.828726000000000,167,219,158,52,144,11, -72.827408000000005, -37.488275999999999
2021,Maule,Linares,Maul-Lina,79,CHL-ADM3-31136180B12086912,6123,  26.602390000000000,22734,  20.474322999999998,  20.474322999999998,   0.000000000000000,44,127,47,38,32,84, -71.348358000000005, -35.954715000000000
2021,Maule,Longavi,Maul-Long,80,CHL-ADM3-31136180B36232833,2208,  25.324591999999999,4498,  17.860130999999999,  17.420724000000000,  16.826131000000000,109,203,146,270,289,69, -71.437473999999995, -36.106273999999999
2021,Metropolitana,Providencia,Metr-Prov,81,CHL-ADM3-31136180B13185632,47009,  29.127801999999999,292769,  21.461932999999998,  21.439585000000001,  17.649782999999999,3,3,2,9,6,51, -70.610016999999999, -33.427267999999998
2021,Biobio,Negrete,Biob-Negr,82,CHL-ADM3-31136180B62713646,454,  24.153528000000001,1485,  18.646961999999998,  16.287838000000001,  18.547691000000000,270,323,267,183,335,39, -72.576673999999997, -37.608238000000000
2021,Biobio,Quilaco,Biob-Quil,83,CHL-ADM3-31136180B39958933,194,  27.768298999999999,913,  16.523561000000001,  16.523561000000001,   0.000000000000000,320,70,290,333,330,333, -71.725228999999999, -37.958250999999997
2021,Biobio,Quilleco,Biob-Quil,84,CHL-ADM3-31136180B73791121,370,  27.770129000000001,580,  17.077445999999998,  17.077445999999998,   0.000000000000000,286,45,305,313,311,314, -71.856114000000005, -37.458702000000002
2021,Metropolitana,La Reina,Metr-La R,85,CHL-ADM3-31136180B74309256,6058,  26.946415999999999,24566,  20.838519000000002,  19.549674000000000,  20.516123000000000,46,113,43,21,77,2, -70.533145000000005, -33.447667000000003
2021,Aysen,Rio Ibanez,Ayse-Rio ,86,CHL-ADM3-31136180B29193494,395,  27.770167000000001,1041,  19.427769999999999,  19.427769999999999,   0.000000000000000,282,44,284,105,89,124, -72.530908999999994, -46.251699000000002
2021,Biobio,San Rosendo,Biob-San ,87,CHL-ADM3-31136180B47768853,110,  27.767195999999998,173,  17.233236999999999,  17.233236999999999,   0.000000000000000,329,74,333,310,308,311, -72.729653999999996, -37.205544000000003
2021,Biobio,Tucapel,Biob-Tuca,88,CHL-ADM3-31136180B30095830,771,  24.527463999999998,1763,  17.817191000000001,  17.817191000000001,   0.000000000000000,223,296,249,274,266,275, -71.749500999999995, -37.216413000000003
2021,Metropolitana,Calera de Tango,Metr-Cale,89,CHL-ADM3-31136180B65678604,1450,  25.396874000000000,5187,  18.292292000000000,  18.292292000000000,   0.000000000000000,139,200,134,228,216,231, -70.786384999999996, -33.625016000000002
2021,Aysen,Chile Chico,Ayse-Chil,90,CHL-ADM3-31136180B92996137,488,  27.771711000000000,923,  18.660131000000000,  18.660131000000000,   0.000000000000000,265,32,289,178,164,185, -72.598858000000007, -46.805653999999997
2021,Magallanes,Torres del Paine,Maga-Torr,91,CHL-ADM3-31136180B25452917,30,  27.766653999999999,112,  18.802558999999999,  17.239847000000001,  18.567385000000002,338,82,334,165,307,38, -72.669516000000002, -50.994062999999997
2021,Magallanes,Primavera,Maga-Prim,92,CHL-ADM3-31136180B61495342,53,  27.766776000000000,76,  16.648724000000001,  16.648724000000001,   0.000000000000000,337,80,340,328,326,329, -69.584733999999997, -52.710560999999998
2021,Biobio,Chiguayante,Biob-Chig,93,CHL-ADM3-31136180B91377127,3222,  25.834724999999999,10755,  19.573998000000000,  19.573998000000000,   0.000000000000000,81,163,89,92,73,116, -72.992761999999999, -36.904451000000002
2021,Biobio,Concepcion,Biob-Conc,94,CHL-ADM3-31136180B76552618,19951,  28.115503000000000,109940,  21.377685000000000,  21.375892000000000,  15.053125000000000,7,8,4,11,10,72, -72.944813999999994, -36.846685000000001
2021,Biobio,Coronel,Biob-Coro,95,CHL-ADM3-31136180B82328439,4409,  26.288367999999998,15609,  19.855633000000001,  19.619216999999999,  18.297590000000000,65,141,67,69,68,44, -73.202117000000001, -37.015462999999997
2021,Biobio,Florida,Biob-Flor,96,CHL-ADM3-31136180B14460146,506,  24.116866000000002,1447,  17.435576000000001,  17.435576000000001,   0.000000000000000,260,327,269,293,287,294, -72.706929000000002, -36.821584000000001
2021,Biobio,Hualqui,Biob-Hual,97,CHL-ADM3-31136180B44935527,1058,  24.755516000000000,2306,  17.864927000000002,  17.864927000000002,   0.000000000000000,181,262,219,269,262,271, -72.864508999999998, -37.018600999999997
2021,Biobio,Lota,Biob-Lota,98,CHL-ADM3-31136180B53352468,1302,  24.853009000000000,2716,  18.512184000000001,  18.512184000000001,   0.000000000000000,148,249,203,197,183,202, -73.109880000000004, -37.122987999999999
2021,Biobio,SPDLP,Biob-SPDL,99,CHL-ADM3-31136180B97608126,6313,  26.708618999999999,24210,  20.395492999999998,  20.264571000000000,  18.297590000000000,41,121,44,42,37,42, -73.096374999999995, -36.890934999999999
2021,Biobio,Santa Juana,Biob-Sant,100,CHL-ADM3-31136180B1857256,585,  23.972939000000000,1819,  18.075369999999999,  18.075369999999999,   0.000000000000000,247,331,244,248,238,251, -72.958284000000006, -37.291696000000002
2021,Magallanes,San Gregorio,Maga-San ,101,CHL-ADM3-31136180B60057327,26,  27.766752000000000,68,  16.785924999999999,  16.785924999999999,   0.000000000000000,340,81,341,322,320,323, -69.924457000000004, -52.515740999999998
2021,Magallanes,Porvenir,Maga-Porv,102,CHL-ADM3-31136180B69137952,681,  24.439315000000001,1653,  19.003571999999998,  19.003571999999998,   0.000000000000000,234,303,256,139,127,152, -69.937315999999996, -53.307875000000003
2021,Tarapaca,Camina,Tara-Cami,103,CHL-ADM3-31136180B17758288,65,  27.766915000000001,82,  16.333462999999998,  16.333462999999998,   0.000000000000000,336,76,339,336,334,336, -69.462019999999995, -19.370155000000000
2021,Tarapaca,Colchane,Tara-Colc,104,CHL-ADM3-31136180B47592006,28,  27.766335000000002,248,  16.146968000000001,  16.146968000000001,   0.000000000000000,339,84,326,337,336,337, -68.944834999999998, -19.307300000000001
2021,Arica y Parinacota,Putre,Aric-Putr,105,CHL-ADM3-31136180B11117055,117,  22.080759000000000,180,  19.306802999999999,  17.496285000000000,  19.128191000000001,327,345,332,114,286,31, -69.268923999999998, -18.442774000000000
2021,Antofagasta,Maria Elena,Anto-Mari,106,CHL-ADM3-31136180B27563225,178,  23.316067000000000,544,  16.834599999999998,  16.834599999999998,   0.000000000000000,322,339,306,320,318,321, -69.765236000000002, -22.060354000000000
2021,Maule,Talca,Maul-Talc,107,CHL-ADM3-31136180B17847125,15146,  27.557303999999998,61781,  21.473378000000000,  21.437778000000002,  18.120208999999999,12,90,11,8,7,45, -71.609183000000002, -35.413091000000001
2021,Metropolitana,Colina,Metr-Coli,108,CHL-ADM3-31136180B55278001,7044,  27.102288000000001,26505,  19.838455000000000,  19.838455000000000,   0.000000000000000,38,106,40,71,52,99, -70.594899999999996, -33.115248000000001
2021,Metropolitana,Santiago,Metr-Sant,109,CHL-ADM3-31136180B66120579,56784,  29.193959000000000,403976,  22.112659000000001,  21.731422999999999,  20.963751999999999,1,2,1,1,3,1, -70.663128999999998, -33.455826999999999
2021,Antofagasta,Calama,Anto-Cala,110,CHL-ADM3-31136180B31150566,7355,  26.972854000000002,24624,  20.402066000000001,  20.402066000000001,   0.000000000000000,36,112,42,41,34,85, -68.388495000000006, -22.544853000000000
2021,Metropolitana,Lampa,Metr-Lamp,111,CHL-ADM3-31136180B25262010,6111,  26.848136000000000,20433,  19.790891999999999,  19.790891999999999,   0.000000000000000,45,116,54,74,55,101, -70.904978000000000, -33.268464999999999
2021,Metropolitana,Pirque,Metr-Pirq,112,CHL-ADM3-31136180B70146239,1546,  25.471999000000000,6209,  18.659776000000001,  18.659776000000001,   0.000000000000000,130,190,121,179,165,186, -70.504920999999996, -33.713766999999997
2021,Nuble,Bulnes,Nubl-Buln,113,CHL-ADM3-31136180B46593587,1199,  25.094432999999999,3546,  18.496969000000000,  18.496969000000000,   0.000000000000000,161,222,168,199,185,204, -72.295612000000006, -36.777067000000002
2021,Nuble,Chillan Viejo,Nubl-Chil,114,CHL-ADM3-31136180B87166600,1181,  24.924969999999998,2857,  18.809908000000000,  18.809908000000000,   0.000000000000000,164,237,197,163,151,174, -72.197353000000007, -36.686853999999997
2021,Nuble,Chillan,Nubl-Chil,115,CHL-ADM3-31136180B62549772,11508,  27.343854000000000,40707,  21.405992999999999,  21.270192999999999,  19.342292000000000,24,99,25,10,13,19, -72.144026999999994, -36.616905000000003
2021,Biobio,Yumbel,Biob-Yumb,116,CHL-ADM3-31136180B80688149,844,  24.414819999999999,2068,  18.390581999999998,  18.390581999999998,   0.000000000000000,212,307,229,213,199,217, -72.630234999999999, -37.089851000000003
2021,"Araucania, La",Lonquimay,Arau-Lonq,117,CHL-ADM3-31136180B92053578,476,  27.771180999999999,695,  18.762976999999999,  18.762976999999999,   0.000000000000000,266,36,298,166,155,176, -71.280856999999997, -38.492592000000002
2021,Metropolitana,Puente Alto,Metr-Puen,118,CHL-ADM3-31136180B80333037,21166,  27.652647999999999,49745,  21.054212000000000,  21.054212000000000,   0.000000000000000,6,87,18,18,18,78, -70.546476999999996, -33.594568000000002
2021,Metropolitana,Huechuraba,Metr-Huec,119,CHL-ADM3-31136180B80215840,5525,  26.984739000000001,28501,  19.287274000000000,  19.287274000000000,   0.000000000000000,49,111,36,117,104,135, -70.636520000000004, -33.356133999999997
2021,Nuble,Yungay,Nubl-Yung,120,CHL-ADM3-31136180B77377565,880,  24.606048999999999,2260,  18.347805999999999,  18.347805999999999,   0.000000000000000,204,282,221,220,208,223, -71.901313000000002, -37.097532999999999
2021,Biobio,Cabrero,Biob-Cabr,121,CHL-ADM3-31136180B74486510,1537,  25.278863999999999,4443,  18.891349999999999,  18.891349999999999,   0.000000000000000,133,206,147,149,136,160, -72.392870000000002, -37.053708000000000
2021,Biobio,Antuco,Biob-Antu,122,CHL-ADM3-31136180B40110196,208,  27.768301000000001,314,  15.830413999999999,  15.830413999999999,   0.000000000000000,318,68,324,342,341,342, -71.432777999999999, -37.316395000000000
2021,Nuble,Quillon,Nubl-Quil,123,CHL-ADM3-31136180B82363449,1149,  24.841701000000000,2059,  18.804124999999999,  18.804124999999999,   0.000000000000000,169,252,230,164,152,175, -72.516418000000002, -36.817236999999999
2021,Biobio,Alto Biobio,Biob-Alto,124,CHL-ADM3-31136180B35250096,117,  22.566127999999999,226,  18.020875000000000,  17.341871000000001,  17.313382000000001,328,343,328,255,300,65, -71.331573000000006, -37.869309999999999
2021,Metropolitana,San Bernardo,Metr-San ,125,CHL-ADM3-31136180B34415846,12287,  27.472770000000001,43137,  20.015474999999999,  20.015474999999999,   0.000000000000000,20,94,23,58,43,91, -70.746813000000003, -33.655594000000001
2021,Metropolitana,Curacavi,Metr-Cura,126,CHL-ADM3-31136180B38098663,2081,  25.529361000000002,5875,  18.401354000000001,  18.401354000000001,   0.000000000000000,112,187,126,211,196,215, -71.077780000000004, -33.369363000000000
2021,Metropolitana,Maria Pinto,Metr-Mari,127,CHL-ADM3-31136180B341400,847,  24.767025000000000,2709,  17.764333000000001,  17.764333000000001,   0.000000000000000,211,259,205,281,273,282, -71.201587000000004, -33.500275000000002
2021,Metropolitana,Cerrillos,Metr-Cerr,128,CHL-ADM3-31136180B50022012,3433,  26.333497000000001,14400,  18.481456999999999,  18.481456999999999,   0.000000000000000,75,139,72,203,189,208, -70.714535999999995, -33.499020999999999
2021,"Araucania, La",Carahue,Arau-Cara,129,CHL-ADM3-31136180B15089825,1133,  24.539404999999999,1900,  20.785349000000000,  19.552963999999999,  20.440608000000001,171,292,239,26,75,3, -73.236564000000001, -38.611032999999999
2021,"Araucania, La",Tolten,Arau-Tolt,130,CHL-ADM3-31136180B25196250,439,  27.771232000000001,743,  19.617837000000002,  19.617837000000002,   0.000000000000000,275,33,297,89,69,113, -73.059569999999994, -39.219493000000000
2021,"Araucania, La",Loncoche,Arau-Lonc,131,CHL-ADM3-31136180B91422014,1137,  24.738052000000000,3445,  18.555437000000001,  18.555437000000001,   0.000000000000000,170,263,176,191,176,196, -72.581918999999999, -39.377358000000001
2021,"Rios, Los",Lanco,Rios-Lanc,132,CHL-ADM3-31136180B75919782,973,  24.556079000000000,3040,  18.649087999999999,  18.649087999999999,   0.000000000000000,191,288,193,182,168,189, -72.621678000000003, -39.513979999999997
2021,Metropolitana,Cerro Navia,Metr-Cerr,133,CHL-ADM3-31136180B8152083,4123,  26.065180000000002,15578,  18.616364000000001,  18.616364000000001,   0.000000000000000,68,153,68,185,170,191, -70.747922000000003, -33.422964999999998
2021,Metropolitana,Vitacura,Metr-Vita,134,CHL-ADM3-31136180B376620,12673,  28.030304999999998,58960,  19.732392999999998,  19.732392999999998,   0.000000000000000,19,11,12,80,60,106, -70.575235000000006, -33.377603000000001
2021,Metropolitana,Conchali,Metr-Conc,135,CHL-ADM3-31136180B96832800,4796,  26.490459000000001,13253,  19.066844000000000,  19.066844000000000,   0.000000000000000,60,133,78,132,120,148, -70.674132000000000, -33.385925999999998
2021,Metropolitana,El Bosque,Metr-El B,136,CHL-ADM3-31136180B2880955,5321,  26.390246000000001,18268,  18.657055000000000,  18.657055000000000,   0.000000000000000,50,137,59,180,166,187, -70.675631999999993, -33.558408000000000
2021,Magallanes,Rio Verde,Maga-Rio ,137,CHL-ADM3-31136180B85162848,10,  28.459360000000000,30,  15.068274000000001,  15.068274000000001,   0.000000000000000,344,7,344,345,344,345, -72.754104999999996, -52.922739000000000
2021,Magallanes,Punta Arenas,Maga-Punt,138,CHL-ADM3-31136180B81779836,9144,  27.215250999999999,38636,  22.019392000000000,  21.953852000000001,  19.261700999999999,29,103,27,2,1,27, -72.679019999999994, -53.729466000000002
2021,Metropolitana,Estacion Central,Metr-Esta,139,CHL-ADM3-31136180B14245653,6582,  26.905607000000000,21666,  19.631001999999999,  19.631001999999999,   0.000000000000000,40,115,48,86,67,112, -70.696848000000003, -33.462324000000002
2021,"Araucania, La",Curarrehue,Arau-Cura,140,CHL-ADM3-31136180B54289397,294,  27.768878000000001,384,  18.374528000000002,  18.374528000000002,   0.000000000000000,300,62,317,216,202,220, -71.540456000000006, -39.314481000000001
2021,"Rios, Los",Panguipulli,Rios-Pang,141,CHL-ADM3-31136180B95729318,2115,  25.492142000000001,7748,  19.877009000000001,  19.877009000000001,   0.000000000000000,110,189,112,68,50,97, -72.003968000000000, -39.740552999999998
2021,"Lagos, Los",Puyehue,Lago-Puye,142,CHL-ADM3-31136180B85775796,724,  24.600850999999999,2730,  18.681754000000002,  18.681754000000002,   0.000000000000000,230,284,202,176,162,183, -72.391610000000000, -40.688316999999998
2021,"Rios, Los",Rio Bueno,Rios-Rio ,143,CHL-ADM3-31136180B88115568,2062,  25.559591999999999,5718,  19.361840999999998,  19.361840999999998,   0.000000000000000,113,182,128,112,99,131, -72.504142000000002, -40.484189999999998
2021,Metropolitana,La Florida,Metr-La F,144,CHL-ADM3-31136180B63396441,15988,  27.582872999999999,54699,  20.551727000000000,  20.551727000000000,   0.000000000000000,11,88,15,35,30,83, -70.524929000000000, -33.525765000000000
2021,Metropolitana,La Granja,Metr-La G,145,CHL-ADM3-31136180B32398153,3775,  26.204343999999999,9278,  18.707398999999999,  18.707398999999999,   0.000000000000000,73,147,98,172,160,181, -70.623805000000004, -33.534827999999997
2021,Metropolitana,La Pintana,Metr-La P,146,CHL-ADM3-31136180B57644460,4928,  26.523585000000001,15245,  19.010784999999998,  19.010784999999998,   0.000000000000000,56,130,69,138,126,151, -70.631540999999999, -33.587260000000001
2021,"Lagos, Los",Cochamo,Lago-Coch,147,CHL-ADM3-31136180B40110054,308,  27.769697000000001,818,  17.301535000000001,  17.301535000000001,   0.000000000000000,297,51,294,304,301,305, -72.194119999999998, -41.741247000000001
2021,Aysen,Lago Verde,Ayse-Lago,148,CHL-ADM3-31136180B60855811,74,  27.766853999999999,342,  19.072050000000001,  19.072050000000001,   0.000000000000000,335,79,320,130,118,146, -71.827710999999994, -44.474896000000001
2021,Aysen,Coyhaique,Ayse-Coyh,149,CHL-ADM3-31136180B80209132,4907,  26.351846999999999,21227,  20.836890000000000,  20.786836999999998,  17.817298000000001,59,138,50,22,21,49, -72.017455999999996, -45.527928000000003
2021,Aysen,Cisnes,Ayse-Cisn,150,CHL-ADM3-31136180B86984306,638,  27.773602000000000,1140,  20.360738999999999,  19.362756999999998,  19.900887000000001,241,22,278,44,98,10, -73.621430000000004, -44.470447999999998
2021,Aysen,Tortel,Ayse-Tort,151,CHL-ADM3-31136180B99302286,104,  27.767365999999999,54,  17.252655000000001,  17.252655000000001,   0.000000000000000,330,73,342,309,306,310, -74.520353999999998, -48.003565000000002
2021,Magallanes,Natales,Maga-Nata,152,CHL-ADM3-31136180B61500441,2344,  25.561781000000000,8850,  21.027170000000002,  20.916816000000001,  18.768439999999998,106,180,101,19,19,35, -74.414805999999999, -50.938206000000001
2021,Aysen,OHiggins,Ayse-OHig,153,CHL-ADM3-31136180B78316018,76,  27.766890000000000,91,  17.055364999999998,  17.055364999999998,   0.000000000000000,334,77,337,314,312,315, -72.695732000000007, -48.263415000000002
2021,Aysen,Cochrane,Ayse-Coch,154,CHL-ADM3-31136180B16796502,355,  27.770443000000000,932,  18.743600000000001,  18.743600000000001,   0.000000000000000,291,40,288,167,156,177, -72.688213000000005, -47.380825999999999
2021,Metropolitana,Las Condes,Metr-Las ,155,CHL-ADM3-31136180B67635694,49539,  29.275072999999999,225194,  21.129235000000001,  21.129235000000001,   0.000000000000000,2,1,3,16,15,76, -70.490768000000003, -33.423434000000000
2021,Metropolitana,Lo Barnechea,Metr-Lo B,156,CHL-ADM3-31136180B92183996,9894,  27.727063999999999,33282,  19.127434000000001,  19.127434000000001,   0.000000000000000,28,86,33,128,115,145, -70.383634999999998, -33.297961000000001
2021,Metropolitana,Lo Espejo,Metr-Lo E,157,CHL-ADM3-31136180B23989760,2925,  25.796931000000001,8764,  18.381028000000001,  18.381028000000001,   0.000000000000000,88,166,102,215,201,219, -70.687132000000005, -33.516900999999997
2021,Metropolitana,Lo Prado,Metr-Lo P,158,CHL-ADM3-31136180B48705077,2953,  25.733763000000000,7974,  18.896799999999999,  18.896799999999999,   0.000000000000000,87,174,110,147,134,158, -70.725105999999997, -33.444606000000000
2021,Metropolitana,Macul,Metr-Macu,159,CHL-ADM3-31136180B52596129,5198,  26.657473000000000,20102,  19.543493999999999,  19.543493999999999,   0.000000000000000,54,125,56,98,79,119, -70.599970999999996, -33.490845999999998
2021,"Lagos, Los",Ancud,Lago-Ancu,160,CHL-ADM3-31136180B82285577,3033,  25.813089000000002,9887,  19.776471000000001,  19.776471000000001,   0.000000000000000,85,165,93,75,56,102, -73.813534000000004, -41.975524999999998
2021,"Lagos, Los",Quellon,Lago-Quel,161,CHL-ADM3-31136180B44824781,1531,  25.284500999999999,5885,  18.351429000000000,  18.351429000000000,   0.000000000000000,135,205,125,219,207,222, -73.975752999999997, -43.241289999999999
2021,"Lagos, Los",Queilen,Lago-Quei,162,CHL-ADM3-31136180B70910936,296,  27.769710000000000,514,  18.549306999999999,  18.549306999999999,   0.000000000000000,299,50,310,192,177,197, -73.551518999999999, -42.885047999999998
2021,"Lagos, Los",Chonchi,Lago-Chon,163,CHL-ADM3-31136180B23402159,865,  24.646623999999999,1764,  18.736328000000000,  18.736328000000000,   0.000000000000000,207,278,248,168,157,178, -73.919336999999999, -42.696880000000000
2021,"Lagos, Los",Puerto Montt,Lago-Puer,164,CHL-ADM3-31136180B38068755,17478,  27.852169000000000,79159,  21.256398999999998,  21.098566999999999,  19.332295999999999,10,13,7,15,17,25, -72.879064000000000, -41.514215000000000
2021,"Lagos, Los",Rio Negro,Lago-Rio ,165,CHL-ADM3-31136180B10817751,816,  24.703503999999999,2322,  17.818467999999999,  17.818467999999999,   0.000000000000000,216,267,218,273,265,274, -73.428679000000002, -40.770274000000001
2021,"Lagos, Los",Castro,Lago-Cast,166,CHL-ADM3-31136180B19438436,3394,  26.157391000000001,17226,  19.760988000000001,  19.760988000000001,   0.000000000000000,78,151,62,77,57,103, -73.761100999999996, -42.499510999999998
2021,"Lagos, Los",Dalcahue,Lago-Dalc,167,CHL-ADM3-31136180B47583046,935,  24.769259000000002,2422,  19.886800999999998,  19.032647999999998,  19.332295999999999,195,258,212,65,122,26, -73.816179000000005, -42.306534999999997
2021,"Lagos, Los",Quemchi,Lago-Quem,168,CHL-ADM3-31136180B8371293,391,  23.692101999999998,1686,  17.414370999999999,  17.414370999999999,   0.000000000000000,284,337,254,295,290,296, -73.324099000000004, -42.226263000000003
2021,"Araucania, La",Saavedra,Arau-Saav,169,CHL-ADM3-31136180B66672195,452,  27.771193000000000,1258,  19.881050999999999,  19.881050999999999,   0.000000000000000,272,34,274,67,48,96, -73.281615000000002, -38.838838000000003
2021,Metropolitana,Maipu,Metr-Maip,170,CHL-ADM3-31136180B64499952,21566,  27.846598000000000,63758,  20.685613000000000,  20.685613000000000,   0.000000000000000,5,14,10,28,24,80, -70.824078999999998, -33.504711000000000
2021,Metropolitana,Nunoa,Metr-Nuno,171,CHL-ADM3-31136180B73756786,15145,  27.789518000000001,77303,  20.622152000000000,  20.622152000000000,   0.000000000000000,13,15,9,30,26,81, -70.599261999999996, -33.457484000000001
2021,Metropolitana,PAC,Metr-PAC,172,CHL-ADM3-31136180B29238052,4083,  26.440065000000001,12940,  18.457393000000000,  18.457393000000000,   0.000000000000000,69,135,79,206,192,211, -70.674907000000005, -33.488729999999997
2021,Biobio,Tirua,Biob-Tiru,173,CHL-ADM3-31136180B67936121,367,  27.770347000000001,481,  17.349197000000000,  17.349197000000000,   0.000000000000000,287,42,312,302,298,303, -73.389371999999995, -38.332061000000003
2021,Biobio,Hualpen,Biob-Hual,174,CHL-ADM3-31136180B90375279,3087,  25.831616000000000,8150,  19.680976999999999,  19.680976999999999,   0.000000000000000,84,164,108,82,62,108, -73.159373000000002, -36.783352000000001
2021,Biobio,Talcahuano,Biob-Talc,175,CHL-ADM3-31136180B46089075,6179,  26.730799999999999,28570,  20.321178000000000,  20.179407000000001,  18.297590000000000,42,119,35,45,40,43, -73.092736000000002, -36.686439000000000
2021,Biobio,Penco,Biob-Penc,176,CHL-ADM3-31136180B11380878,1608,  25.267455000000002,4911,  19.150859000000001,  19.150859000000001,   0.000000000000000,128,209,136,124,110,141, -72.948300000000003, -36.747405999999998
2021,Maule,Chanco,Maul-Chan,177,CHL-ADM3-31136180B7073618,505,  27.772667999999999,1552,  18.713151000000000,  18.713151000000000,   0.000000000000000,261,25,263,169,158,179, -72.470545000000001, -35.700600999999999
2021,Maule,Pelluhue,Maul-Pell,178,CHL-ADM3-31136180B39141646,771,  27.775518999999999,760,  19.809058000000000,  19.525860000000002,  18.409191000000000,224,17,296,72,80,40, -72.593913999999998, -35.913321000000003
2021,Maule,Constitucion,Maul-Cons,179,CHL-ADM3-31136180B17222159,2780,  25.993071000000000,10943,  19.550371999999999,  19.550371999999999,   0.000000000000000,94,156,87,97,76,118, -72.289574999999999, -35.392615999999997
2021,Maule,Licanten,Maul-Lica,180,CHL-ADM3-31136180B20396997,560,  27.772379000000001,1663,  19.042206000000000,  18.787210000000002,  17.550909000000001,250,27,255,134,154,54, -72.017122999999998, -34.967810000000000
2021,Maule,Vichuquen,Maul-Vich,181,CHL-ADM3-31136180B83246231,393,  24.229606000000000,586,  17.398599000000001,  17.398599000000001,   0.000000000000000,283,316,303,298,294,299, -72.006141999999997, -34.852778999999998
2021,OHiggins,Paredones,OHig-Pare,182,CHL-ADM3-31136180B45491927,397,  27.770703000000001,1827,  18.636828999999999,  18.636828999999999,   0.000000000000000,281,39,243,184,169,190, -71.897379999999998, -34.658340000000003
2021,Metropolitana,Pudahuel,Metr-Puda,183,CHL-ADM3-31136180B86352345,8844,  27.122900000000001,28403,  19.738396000000002,  19.738396000000002,   0.000000000000000,30,105,37,79,59,105, -70.852474000000001, -33.425282000000003
2021,Metropolitana,Quilicura,Metr-Quil,184,CHL-ADM3-31136180B1722173,8797,  27.259564999999998,27837,  19.791398999999998,  19.791398999999998,   0.000000000000000,31,100,38,73,54,100, -70.725172000000001, -33.355423000000002
2021,OHiggins,Pichilemu,OHig-Pich,185,CHL-ADM3-31136180B54677456,2004,  25.216065000000000,6064,  20.662255999999999,  20.631527999999999,  17.164377999999999,114,211,122,29,25,67, -71.895809999999997, -34.382075000000000
2021,OHiggins,Litueche,OHig-Litu,186,CHL-ADM3-31136180B66935975,553,  24.170202000000000,1626,  18.395890999999999,  18.395890999999999,   0.000000000000000,253,319,258,212,197,216, -71.718348000000006, -34.101345000000002
2021,OHiggins,Navidad,OHig-Navi,187,CHL-ADM3-31136180B17312444,476,  27.771182000000000,1792,  18.277619000000001,  18.277619000000001,   0.000000000000000,267,35,247,231,220,234, -71.796682000000004, -33.990664000000002
2021,Metropolitana,Quinta Normal,Metr-Quin,188,CHL-ADM3-31136180B5589299,6593,  27.028617000000001,22794,  19.629570999999999,  19.457065000000000,  17.787233000000001,39,109,46,87,86,50, -70.695965999999999, -33.428091000000002
2021,Metropolitana,Recoleta,Metr-Reco,189,CHL-ADM3-31136180B11813815,10321,  27.558136999999999,37584,  19.968167999999999,  19.968167999999999,   0.000000000000000,26,89,28,61,45,93, -70.639349999999993, -33.407803000000001
2021,Valparaiso,Santo Domingo,Valp-Sant,190,CHL-ADM3-31136180B93622656,1928,  26.292936999999998,4890,  17.289148000000001,  17.289148000000001,   0.000000000000000,115,140,137,307,304,308, -71.684179999999998, -33.810057000000000
2021,Valparaiso,San Antonio,Valp-San ,191,CHL-ADM3-31136180B27610562,5211,  26.557213000000001,18694,  19.749545999999999,  19.749545999999999,   0.000000000000000,53,129,58,78,58,104, -71.473524999999995, -33.662998000000002
2021,Valparaiso,El Tabo,Valp-El T,192,CHL-ADM3-31136180B6496910,902,  24.537642000000002,2871,  18.116161999999999,  18.116161999999999,   0.000000000000000,199,294,196,242,232,245, -71.571629000000001, -33.479773000000002
2021,Valparaiso,El Quisco,Valp-El Q,193,CHL-ADM3-31136180B16712764,1102,  24.762032000000001,3830,  18.649604000000000,  18.649604000000000,   0.000000000000000,177,260,161,181,167,188, -71.662986000000004, -33.415044999999999
2021,Atacama,Alto del Carmen,Atac-Alto,194,CHL-ADM3-31136180B32348512,348,  27.769320000000000,1119,  17.510005000000000,  17.510005000000000,   0.000000000000000,293,54,279,292,285,293, -70.149221999999995, -28.995785999999999
2021,Nuble,San Carlos,Nubl-San ,195,CHL-ADM3-31136180B90232557,3802,  25.953081000000001,11894,  19.566897000000001,  19.514271999999998,  16.596132999999998,72,159,82,93,81,71, -71.995939000000007, -36.405608000000001
2021,Biobio,Tome,Biob-Tome,196,CHL-ADM3-31136180B87502533,2274,  25.414296000000000,6530,  19.554983000000000,  19.543832999999999,  15.053125000000000,107,198,117,95,78,73, -72.874649000000005, -36.598985999999996
2021,Valparaiso,Algarrobo,Valp-Alga,197,CHL-ADM3-31136180B1832494,1296,  25.215083000000000,3781,  18.814450999999998,  18.814450999999998,   0.000000000000000,150,212,163,160,148,171, -71.603119000000007, -33.324962999999997
2021,Valparaiso,Casablanca,Valp-Casa,198,CHL-ADM3-31136180B673491,2370,  26.080507000000001,7959,  18.702707000000000,  18.391660000000002,  17.383399000000001,105,152,111,173,198,62, -71.475423000000006, -33.305971999999997
2021,Valparaiso,Valparaiso,Valp-Valp,199,CHL-ADM3-31136180B61981707,13117,  27.437856000000000,58651,  21.328095000000001,  21.287801000000002,  18.096450999999998,16,96,13,13,12,46, -71.570767000000004, -33.131182000000003
2021,Metropolitana,Renca,Metr-Renc,200,CHL-ADM3-31136180B82430755,5312,  26.742021000000001,16375,  18.812873000000000,  18.812873000000000,   0.000000000000000,51,118,64,161,149,172, -70.723059000000006, -33.402253000000002
2021,Valparaiso,Vina del Mar,Valp-Vina,201,CHL-ADM3-31136180B41126831,21938,  28.067629000000000,91526,  21.477097000000001,  21.459842999999999,  17.408754999999999,4,9,5,7,4,59, -71.514420999999999, -33.033285999999997
2021,Valparaiso,Concon,Valp-Conc,202,CHL-ADM3-31136180B32112960,2703,  25.985737000000000,12535,  19.554538999999998,  19.428000999999998,  17.424726000000000,95,158,80,96,88,58, -71.464571000000007, -32.950080000000000
2021,Valparaiso,Quintero,Valp-Quin,203,CHL-ADM3-31136180B55226100,1563,  25.223730000000000,4190,  18.593703999999999,  18.593703999999999,   0.000000000000000,129,210,154,188,172,193, -71.471003999999994, -32.844081000000003
2021,Valparaiso,Puchuncavi,Valp-Puch,204,CHL-ADM3-31136180B86784180,1325,  25.047554999999999,3654,  18.598960000000002,  18.598960000000002,   0.000000000000000,145,226,166,186,171,192, -71.389617999999999, -32.742586000000003
2021,Metropolitana,El Monte,Metr-El M,205,CHL-ADM3-31136180B60503276,1501,  25.272618999999999,5725,  17.880303000000001,  17.880303000000001,   0.000000000000000,137,208,127,267,260,269, -71.021545000000003, -33.666285000000002
2021,Valparaiso,Zapallar,Valp-Zapa,206,CHL-ADM3-31136180B63743634,1074,  25.611747999999999,3673,  17.117743999999998,  17.117743999999998,   0.000000000000000,179,179,165,312,310,313, -71.355984000000007, -32.585920999999999
2021,Valparaiso,Papudo,Valp-Papu,207,CHL-ADM3-31136180B36251745,499,  24.275382000000000,1023,  17.600956000000000,  17.600956000000000,   0.000000000000000,262,313,286,288,281,289, -71.377072999999996, -32.480544999999999
2021,Valparaiso,La Ligua,Valp-La L,208,CHL-ADM3-31136180B86371121,2520,  25.553699000000002,6440,  18.892740000000000,  18.892740000000000,   0.000000000000000,100,184,119,148,135,159, -71.274786000000006, -32.356274999999997
2021,Coquimbo,Los Vilos,Coqu-Los ,209,CHL-ADM3-31136180B68247998,1434,  25.100137000000000,3401,  18.670328000000001,  18.670328000000001,   0.000000000000000,140,220,177,177,163,184, -71.334992000000000, -31.955767999999999
2021,Coquimbo,Canela,Coqu-Cane,210,CHL-ADM3-31136180B39894743,445,  27.771850000000001,840,  18.976357000000000,  18.976357000000000,   0.000000000000000,274,31,293,143,131,155, -71.393754999999999, -31.443391999999999
2021,Coquimbo,Ovalle,Coqu-Oval,211,CHL-ADM3-31136180B68574209,6168,  26.508057000000001,28649,  20.002984000000001,  20.002984000000001,   0.000000000000000,43,131,34,59,44,92, -71.392382999999995, -30.720839999999999
2021,Coquimbo,Coquimbo,Coqu-Coqu,212,CHL-ADM3-31136180B63037195,11659,  27.218336000000001,39316,  20.807638000000001,  20.807638000000001,   0.000000000000000,23,102,26,24,20,79, -71.365926000000002, -30.211530000000000
2021,Coquimbo,La Serena,Coqu-La S,213,CHL-ADM3-31136180B45101694,13250,  27.448568000000002,56122,  21.336773000000001,  21.234999999999999,  19.001315000000002,14,95,14,12,14,34, -71.046451000000005, -29.795601000000001
2021,Atacama,Freirina,Atac-Frei,214,CHL-ADM3-31136180B9420429,341,  27.770282999999999,1027,  17.301002000000000,  17.301002000000000,   0.000000000000000,295,43,285,305,302,306, -71.160663999999997, -28.784483000000002
2021,Atacama,Huasco,Atac-Huas,215,CHL-ADM3-31136180B69575705,533,  24.194220999999999,1269,  20.127578000000000,  17.403153000000000,  20.059744999999999,256,318,273,53,291,8, -71.075700999999995, -28.280843999999998
2021,Atacama,Copiapo,Atac-Copi,216,CHL-ADM3-31136180B9975353,8170,  27.029416999999999,33990,  20.570661999999999,  20.570661999999999,   0.000000000000000,33,108,31,33,28,82, -69.752521000000002, -27.413056000000001
2021,Atacama,Caldera,Atac-Cald,217,CHL-ADM3-31136180B52032318,1177,  24.904160999999998,4391,  19.023129000000001,  19.023129000000001,   0.000000000000000,165,243,148,136,124,150, -70.766501000000005, -27.132826000000001
2021,Tarapaca,Huara,Tara-Huar,218,CHL-ADM3-31136180B4065501,123,  27.767158999999999,185,  16.944717000000001,  16.944717000000001,   0.000000000000000,326,75,331,317,315,318, -69.703485000000001, -19.519604000000001
2021,Arica y Parinacota,Camarones,Aric-Cama,219,CHL-ADM3-31136180B97301220,83,  27.766890000000000,94,  19.096889999999998,  16.382404999999999,  19.028355999999999,333,78,336,129,333,33, -69.656750000000002, -18.965525000000000
2021,"Lagos, Los",San Juan de la Costa,Lago-San ,220,CHL-ADM3-31136180B64880471,214,  27.768298999999999,208,  17.290756999999999,  17.290756999999999,   0.000000000000000,316,69,329,306,303,307, -73.569373999999996, -40.511488000000000
2021,Arica y Parinacota,Arica,Aric-Aric,221,CHL-ADM3-31136180B68036932,13160,  27.230084999999999,44934,  21.661898000000001,  21.419398000000001,  20.126346000000002,15,101,22,4,8,7, -69.950693000000001, -18.497292999999999
2021,"Rios, Los",Mariquina,Rios-Mari,222,CHL-ADM3-31136180B45841113,1160,  24.790234000000002,3701,  18.903673999999999,  18.903673999999999,   0.000000000000000,168,254,164,146,133,157, -73.006844000000001, -39.534129000000000
2021,Biobio,Arauco,Biob-Arau,223,CHL-ADM3-31136180B80512469,1839,  25.468073000000000,4318,  18.999244999999998,  18.562107000000001,  17.961117999999999,122,191,149,140,175,48, -73.391163000000006, -37.291347999999999
2021,Antofagasta,Tocopilla,Anto-Toco,224,CHL-ADM3-31136180B71776712,1129,  24.885591999999999,2713,  19.449884000000001,  19.449884000000001,   0.000000000000000,172,245,204,104,87,123, -70.071991999999995, -22.007527000000000
2021,Metropolitana,Padre Hurtado,Metr-Padr,225,CHL-ADM3-31136180B51853331,3260,  25.993131999999999,9555,  18.574576000000000,  18.574576000000000,   0.000000000000000,80,155,96,189,173,194, -70.872056000000001, -33.555390000000003
2021,Metropolitana,Penaflor,Metr-Pena,226,CHL-ADM3-31136180B41412141,4182,  26.271598999999998,11758,  19.421669999999999,  19.421669999999999,   0.000000000000000,67,142,84,106,90,125, -70.903103000000002, -33.611669999999997
2021,Antofagasta,Antofagasta,Anto-Anto,227,CHL-ADM3-31136180B17262903,19490,  28.032101999999998,84419,  21.552605000000000,  21.453308000000000,  19.193726000000002,8,10,6,5,5,29, -69.500366000000000, -24.404634000000001
2021,Antofagasta,Mejillones,Anto-Meji,228,CHL-ADM3-31136180B88609055,603,  24.537965000000000,2110,  19.505033000000001,  18.186437000000002,  19.193726000000002,244,293,227,99,227,30, -70.242029000000002, -22.974625000000000
2021,Antofagasta,Taltal,Anto-Talt,229,CHL-ADM3-31136180B74958366,718,  24.784279999999999,2563,  18.295985999999999,  18.295985999999999,   0.000000000000000,231,256,209,226,214,229, -70.027035999999995, -25.502943999999999
2021,Atacama,Chanaral,Atac-Chan,230,CHL-ADM3-31136180B92019786,788,  24.516269999999999,1559,  18.096823000000001,  18.096823000000001,   0.000000000000000,220,297,261,245,235,248, -70.365059000000002, -26.421764000000000
2021,Maule,Cauquenes,Maul-Cauq,231,CHL-ADM3-31136180B41373736,2789,  25.559764999999999,5404,  20.231446999999999,  19.357593999999999,  19.691293999999999,93,181,132,48,100,15, -72.305156999999994, -35.967202000000000
2021,Valparaiso,Juan Fernandez,Valp-Juan,232,CHL-ADM3-31136180B69494023,94,  22.176023000000001,355,  15.830533000000001,  15.830533000000001,   0.000000000000000,332,344,319,341,340,341, -79.559881000000004, -32.245704000000003
2021,Valparaiso,Isla de Pascua,Valp-Isla,233,CHL-ADM3-31136180B85582553,289,  24.076882999999999,268,  18.420711000000001,  17.977867000000000,  17.392907999999998,302,328,325,209,248,61,-109.221401999999998, -27.104156000000000
2021,Magallanes,Cabo de Hornos,Maga-Cabo,234,CHL-ADM3-31136180B27290658,173,  28.460232999999999,417,  18.076076000000000,  18.076076000000000,   0.000000000000000,323,4,315,247,237,250, -69.599376000000007, -55.123206000000003
2021,Metropolitana,Talagante,Metr-Tala,235,CHL-ADM3-31136180B61213199,3908,  26.261842000000001,14709,  19.465022000000001,  19.465022000000001,   0.000000000000000,71,143,71,102,85,122, -70.907156000000001, -33.681224999999998
2021,Magallanes,Timaukel,Maga-Tima,236,CHL-ADM3-31136180B40438902,22,  27.766508999999999,41,  16.012734999999999,  16.012734999999999,   0.000000000000000,341,83,343,340,339,340, -70.006353000000004, -54.380099000000001
2021,Aysen,Guaitecas,Ayse-Guai,237,CHL-ADM3-31136180B8010566,102,  27.767579999999999,584,  16.864464999999999,  16.864464999999999,   0.000000000000000,331,72,304,319,317,320, -73.786212000000006, -43.961373000000002
2021,Tarapaca,Alto Hospicio,Tara-Alto,238,CHL-ADM3-31136180B51564749,4480,  26.237707000000000,13520,  20.426863000000001,  20.371213999999998,  17.510467999999999,64,145,75,40,36,56, -70.047450999999995, -20.204283000000000
2021,Antofagasta,Sierra Gorda,Anto-Sier,239,CHL-ADM3-31136180B82994788,129,  23.197550000000000,448,  17.148392999999999,  17.148392999999999,   0.000000000000000,325,340,313,311,309,312, -68.963437999999996, -23.283662000000000
2021,Coquimbo,Combarbala,Coqu-Comb,240,CHL-ADM3-31136180B1870724,652,  24.169149000000001,3316,  18.881249000000000,  18.881249000000000,   0.000000000000000,237,320,181,150,137,161, -70.968996000000004, -31.152753000000001
2021,Coquimbo,Punitaqui,Coqu-Puni,241,CHL-ADM3-31136180B93380977,489,  27.772074000000000,1271,  18.097854000000002,  18.097854000000002,   0.000000000000000,264,28,272,244,234,247, -71.313736000000006, -30.921453000000000
2021,Coquimbo,Paihuano,Coqu-Paih,242,CHL-ADM3-31136180B70186546,414,  27.770032000000000,1711,  18.174092999999999,  18.174092999999999,   0.000000000000000,278,46,251,239,229,242, -70.369161000000005, -30.228816999999999
2021,Coquimbo,Illapel,Coqu-Illa,243,CHL-ADM3-31136180B67775223,1910,  25.276532000000000,5954,  19.625292999999999,  19.099329999999998,  18.731287999999999,118,207,123,88,117,36, -70.978129999999993, -31.553193000000000
2021,Valparaiso,Limache,Valp-Lima,244,CHL-ADM3-31136180B47898861,2879,  25.993041000000002,11832,  19.218650000000000,  19.046710999999998,  17.373296000000000,89,157,83,121,121,63, -71.291166000000004, -33.026535000000003
2021,Valparaiso,Quillota,Valp-Quil,245,CHL-ADM3-31136180B9106864,5685,  26.563948000000000,23104,  19.562467000000002,  19.562467000000002,   0.000000000000000,48,128,45,94,74,117, -71.285552999999993, -32.907673000000003
2021,Aysen,Aysen,Ayse-Ayse,246,CHL-ADM3-31136180B6407382,1861,  25.419889999999999,6293,  20.063179000000002,  19.613318000000000,  19.047851000000001,121,197,120,55,70,32, -74.092258999999999, -45.846251000000002
2021,Valparaiso,Calera,Valp-Cale,247,CHL-ADM3-31136180B32144498,2847,  25.891254000000000,10761,  18.694327000000001,  18.373131999999998,  17.402318000000001,91,162,88,175,203,60, -71.150631000000004, -32.798197000000002
2021,Valparaiso,Nogales,Valp-Noga,248,CHL-ADM3-31136180B20577557,1124,  24.916360999999998,4559,  16.818835000000000,  16.818835000000000,   0.000000000000000,173,241,144,321,319,322, -71.176212000000007, -32.689613999999999
2021,Valparaiso,Calle Larga,Valp-Call,249,CHL-ADM3-31136180B20220017,660,  24.438914000000000,2193,  17.341991000000000,  17.341991000000000,   0.000000000000000,236,304,224,303,299,304, -70.557839000000001, -32.946818000000000
2021,OHiggins,La Estrella,OHig-La E,250,CHL-ADM3-31136180B10171774,305,  23.654879999999999,414,  17.433392999999999,  17.433392999999999,   0.000000000000000,298,338,316,294,288,295, -71.603166999999999, -34.223782000000000
2021,Metropolitana,Paine,Metr-Pain,251,CHL-ADM3-31136180B20285971,4010,  26.431425999999998,19700,  18.847977000000000,  18.847977000000000,   0.000000000000000,70,136,57,156,143,167, -70.750423999999995, -33.863146999999998
2021,"Lagos, Los",Calbuco,Lago-Calb,252,CHL-ADM3-31136180B118034,1542,  25.126881999999998,3481,  18.495550000000001,  18.495550000000001,   0.000000000000000,132,218,173,200,186,205, -73.135013000000001, -41.771610000000003
2021,"Lagos, Los",Chaiten,Lago-Chai,253,CHL-ADM3-31136180B60482324,434,  27.770406000000001,1098,  18.178788999999998,  18.178788999999998,   0.000000000000000,276,41,280,238,228,241, -72.693380000000005, -43.000059000000000
2021,"Rios, Los",Corral,Rios-Corr,254,CHL-ADM3-31136180B1612172,252,  27.768903000000002,955,  17.518039999999999,  17.518039999999999,   0.000000000000000,308,60,287,291,284,292, -73.371801000000005, -39.969335000000001
2021,"Rios, Los",Valdivia,Rios-Vald,255,CHL-ADM3-31136180B52195734,10019,  27.097989999999999,47375,  21.531872000000000,  21.408179000000001,  19.380710000000001,27,107,20,6,9,18, -73.203075999999996, -39.822096999999999
2021,Tarapaca,Iquique,Tara-Iqui,256,CHL-ADM3-31136180B34053824,11896,  27.542262000000001,42539,  21.979872000000000,  21.767840000000000,  20.324710000000000,21,91,24,3,2,4, -70.125366999999997, -20.735232000000000
2021,Coquimbo,La Higuera,Coqu-La H,257,CHL-ADM3-31136180B84728825,222,  27.768839000000000,521,  18.171348999999999,  18.171348999999999,   0.000000000000000,315,63,309,240,230,243, -70.986846999999997, -29.397345999999999
2021,"Lagos, Los",Los Muermos,Lago-Los ,258,CHL-ADM3-31136180B35206702,1315,  25.035944000000001,2236,  19.462854000000000,  18.004435000000001,  19.198101999999999,146,227,222,103,245,28, -73.564372000000006, -41.392327000000002
2021,"Lagos, Los",Maullin,Lago-Maul,259,CHL-ADM3-31136180B66996541,690,  24.236098999999999,2156,  18.291321000000000,  18.291321000000000,   0.000000000000000,233,314,226,229,217,232, -73.580538000000004, -41.607008999999998
2021,"Lagos, Los",Quinchao,Lago-Quin,260,CHL-ADM3-31136180B31258441,413,  23.877669999999998,1992,  18.088180999999999,  18.088180999999999,   0.000000000000000,280,335,236,246,236,249, -73.340553000000000, -42.518079000000000
2021,"Lagos, Los",Curaco de Velez,Lago-Cura,261,CHL-ADM3-31136180B23845697,185,  23.062266000000001,861,  16.972691000000001,  16.972691000000001,   0.000000000000000,321,341,292,316,314,317, -73.584485000000001, -42.430965000000000
2021,Nuble,Treguaco,Nubl-Treg,262,CHL-ADM3-31136180B61410204,209,  27.768450000000001,496,  17.399802000000001,  17.399802000000001,   0.000000000000000,317,65,311,296,292,297, -72.674683999999999, -36.415571000000000
2021,Nuble,Ranquil,Nubl-Ranq,263,CHL-ADM3-31136180B95065659,360,  27.769950000000001,329,  18.098765000000000,  18.098765000000000,   0.000000000000000,290,48,322,243,233,246, -72.588464000000002, -36.650196000000001
2021,Nuble,Portezuelo,Nubl-Port,264,CHL-ADM3-31136180B61944333,246,  27.769037000000001,660,  17.756018000000001,  17.756018000000001,   0.000000000000000,309,57,300,282,274,283, -72.485333999999995, -36.538311000000000
2021,Nuble,Cobquecura,Nubl-Cobq,265,CHL-ADM3-31136180B45430556,242,  22.915195000000001,358,  18.521932000000000,  18.521932000000000,   0.000000000000000,311,342,318,195,181,200, -72.702144000000004, -36.186338999999997
2021,Nuble,Quirihue,Nubl-Quir,266,CHL-ADM3-31136180B77694356,577,  24.230649000000000,2528,  18.515034000000000,  18.515034000000000,   0.000000000000000,248,315,210,196,182,201, -72.549880999999999, -36.229703999999998
2021,Nuble,Coelemu,Nubl-Coel,267,CHL-ADM3-31136180B50962610,929,  24.634802000000001,3068,  18.477833000000000,  18.477833000000000,   0.000000000000000,196,279,190,204,190,209, -72.751176000000001, -36.498489999999997
2021,Nuble,Ninhue,Nubl-Ninh,268,CHL-ADM3-31136180B12577265,236,  27.769113000000001,338,  17.039151000000000,  17.039151000000000,   0.000000000000000,313,55,321,315,313,316, -72.413050999999996, -36.348908999999999
2021,OHiggins,Donihue,OHig-Doni,269,CHL-ADM3-31136180B4768819,1031,  24.963882999999999,3522,  18.834741999999999,  18.834741999999999,   0.000000000000000,185,232,170,157,145,168, -70.927218999999994, -34.204985000000001
2021,OHiggins,Olivar,OHig-Oliv,270,CHL-ADM3-31136180B91027699,970,  25.006443000000001,4147,  18.216958000000002,  18.216958000000002,   0.000000000000000,192,228,155,235,224,238, -70.823025999999999, -34.214123999999998
2021,Metropolitana,Isla de Maipo,Metr-Isla,271,CHL-ADM3-31136180B75267449,1926,  25.531123999999998,7991,  18.696065000000001,  18.696065000000001,   0.000000000000000,116,186,109,174,161,182, -70.965627999999995, -33.751618000000001
2021,Metropolitana,Buin,Metr-Buin,272,CHL-ADM3-31136180B84026940,5749,  26.664383000000001,26926,  19.479040999999999,  19.479040999999999,   0.000000000000000,47,124,39,101,84,121, -70.741129000000001, -33.740468000000000
2021,OHiggins,Rengo,OHig-Reng,273,CHL-ADM3-31136180B64008452,3157,  26.182637000000000,17969,  19.702714000000000,  19.702714000000000,   0.000000000000000,83,150,60,81,61,107, -70.717952999999994, -34.460849000000003
2021,OHiggins,Santa Cruz,OHig-Sant,274,CHL-ADM3-31136180B59701989,3419,  26.191492000000000,14822,  20.788108000000001,  20.520012999999999,  19.340640000000000,76,149,70,25,31,21, -71.391423000000003, -34.643183999999998
2021,OHiggins,Palmilla,OHig-Palm,275,CHL-ADM3-31136180B10105215,1056,  24.855153999999999,4194,  18.977737999999999,  18.977737999999999,   0.000000000000000,182,248,153,142,130,154, -71.359600000000000, -34.521140000000003
2021,Maule,Rio Claro,Maul-Rio ,276,CHL-ADM3-31136180B38650652,886,  24.683714999999999,5596,  18.353562000000000,  17.898979000000001,  17.346492999999999,203,272,130,218,257,64, -71.250483000000003, -35.286267000000002
2021,Maule,Pelarco,Maul-Pela,277,CHL-ADM3-31136180B20323642,576,  24.132095000000000,1818,  17.842753999999999,  17.842753999999999,   0.000000000000000,249,326,245,271,263,272, -71.349217999999993, -35.386423000000001
2021,Maule,San Javier,Maul-San ,278,CHL-ADM3-31136180B55613307,3166,  25.792265000000000,9263,  19.130606000000000,  19.130606000000000,   0.000000000000000,82,167,99,126,113,143, -71.901083999999997, -35.649974000000000
2021,Maule,Villa Alegre,Maul-Vill,279,CHL-ADM3-31136180B23270172,979,  24.663772000000002,1997,  19.767588000000000,  18.284905999999999,  19.510075000000001,190,276,235,76,219,17, -71.690094000000002, -35.700854000000000
2021,Maule,Yerbas Buenas,Maul-Yerb,280,CHL-ADM3-31136180B33024653,1111,  24.606976000000000,3266,  18.253976999999999,  18.253976999999999,   0.000000000000000,176,281,182,233,222,236, -71.562624999999997, -35.702365999999998
2021,Maule,Maule,Maul-Maul,281,CHL-ADM3-31136180B6556412,2489,  25.528742000000001,5462,  19.271512000000001,  19.271512000000001,   0.000000000000000,103,188,131,119,106,137, -71.712830999999994, -35.513385999999997
2021,Maule,San Rafael,Maul-San ,282,CHL-ADM3-31136180B21232874,535,  24.147563000000002,1703,  16.756564999999998,  16.756564999999998,   0.000000000000000,255,324,252,326,324,327, -71.500934999999998, -35.297075999999997
2021,Biobio,Santa Barbara,Biob-Sant,283,CHL-ADM3-31136180B56249766,799,  24.386607000000001,1928,  18.469604000000000,  18.469604000000000,   0.000000000000000,217,310,238,205,191,210, -71.713848999999996, -37.613979999999998
2021,"Araucania, La",Villarrica,Arau-Vill,284,CHL-ADM3-31136180B10315457,4216,  26.224003000000000,13281,  19.598248999999999,  19.598248999999999,   0.000000000000000,66,146,77,90,71,114, -72.203045000000003, -39.292558999999997
2021,"Araucania, La",Pucon,Arau-Puco,285,CHL-ADM3-31136180B69297611,2697,  25.657665999999999,9559,  20.205373000000002,  20.205373000000002,   0.000000000000000,96,175,95,50,39,88, -71.740474000000006, -39.270341999999999
2021,"Araucania, La",PLC,Arau-PLC,286,CHL-ADM3-31136180B65631590,2613,  25.787315000000000,10476,  18.999085000000001,  18.999085000000001,   0.000000000000000,97,168,90,141,128,153, -72.544872999999995, -38.809410999999997
2021,"Lagos, Los",Puerto Octay,Lago-Puer,287,CHL-ADM3-31136180B2787503,527,  24.414867999999998,2032,  17.902505999999999,  17.902505999999999,   0.000000000000000,259,306,232,264,256,266, -72.563139000000007, -40.881469000000003
2021,"Lagos, Los",Frutillar,Lago-Frut,288,CHL-ADM3-31136180B7110076,1622,  25.444367000000000,4888,  18.711231000000002,  18.711231000000002,   0.000000000000000,127,195,138,170,159,180, -73.214511999999999, -41.062089999999998
2021,Valparaiso,La Cruz,Valp-La C,289,CHL-ADM3-31136180B45579929,1352,  25.153604999999999,4766,  18.597978999999999,  18.369876000000001,  17.008136000000000,142,215,141,187,204,68, -71.239934000000005, -32.825617000000001
2021,Maule,Sagrada Familia,Maul-Sagr,290,CHL-ADM3-31136180B17494815,1418,  25.456265999999999,12106,  17.806387000000001,  17.806387000000001,   0.000000000000000,141,192,81,277,269,278, -71.489181000000002, -35.103504999999998
2021,Maule,Retiro,Maul-Reti,291,CHL-ADM3-31136180B33641807,1874,  25.181204000000001,3914,  18.033964999999998,  18.033964999999998,   0.000000000000000,120,213,159,253,243,256, -71.829866999999993, -36.004319000000002
2021,OHiggins,Quinta de Tilcoco,OHig-Quin,292,CHL-ADM3-31136180B18571503,843,  24.865846999999999,3514,  18.051296000000001,  18.051296000000001,   0.000000000000000,213,247,171,251,241,254, -71.004605999999995, -34.360824999999998
2021,Arica y Parinacota,General Lagos,Aric-Gene,293,CHL-ADM3-31136180B48061488,9,  27.766213000000000,10,  16.642544000000001,   0.000000000000000,  16.642544000000001,345,85,345,329,345,70, -69.543847999999997, -17.960858000000002
2021,Antofagasta,SPA,Anto-SPA,294,CHL-ADM3-31136180B31386548,857,  24.316656999999999,3233,  20.605273000000000,  20.572524999999999,  17.170051000000001,210,312,183,31,27,66, -68.277806999999996, -22.984385000000000
2021,Atacama,Tierra Amarilla,Atac-Tier,295,CHL-ADM3-31136180B95255470,600,  24.463301999999999,2906,  18.053138000000001,  18.053138000000001,   0.000000000000000,245,302,195,250,240,253, -69.708282999999994, -27.906416000000000
2021,Valparaiso,Putaendo,Valp-Puta,296,CHL-ADM3-31136180B65831304,892,  24.546429000000000,3060,  17.634660000000000,  17.634660000000000,   0.000000000000000,202,291,191,287,280,288, -70.535724999999999, -32.483446000000001
2021,Coquimbo,Monte Patria,Coqu-Mont,297,CHL-ADM3-31136180B35223985,1686,  24.995709000000002,8236,  20.292614000000000,  19.677682000000001,  19.514610999999999,125,229,106,46,63,16, -70.670024999999995, -30.868758000000000
2021,Coquimbo,Rio Hurtado,Coqu-Rio ,298,CHL-ADM3-31136180B30237415,227,  27.768443999999999,246,  16.580984000000001,  16.580984000000001,   0.000000000000000,314,66,327,331,328,331, -70.642382999999995, -30.441261999999998
2021,Coquimbo,Salamanca,Coqu-Sala,299,CHL-ADM3-31136180B1096311,2227,  25.443615999999999,7027,  19.070055000000000,  19.070055000000000,   0.000000000000000,108,196,115,131,119,147, -70.634034000000000, -31.912068000000001
2021,Valparaiso,San Esteban,Valp-San ,300,CHL-ADM3-31136180B24395096,1022,  24.761977999999999,2663,  18.273575999999998,  18.273575999999998,   0.000000000000000,186,261,206,232,221,235, -70.347858000000002, -32.672652999999997
2021,Valparaiso,Los Andes,Valp-Los ,301,CHL-ADM3-31136180B11723264,3681,  26.199885999999999,15642,  20.527270999999999,  18.992093000000001,  20.284666999999999,74,148,66,37,129,6, -70.294910999999999, -32.939892999999998
2021,Metropolitana,San Jose de Maipo,Metr-San ,302,CHL-ADM3-31136180B52024111,990,  24.884264999999999,3580,  19.676261000000000,  19.676261000000000,   0.000000000000000,188,246,167,83,64,109, -70.095160000000007, -33.698701999999997
2021,Maule,Curico,Maul-Curi,303,CHL-ADM3-31136180B37807523,11710,  27.407572999999999,49783,  20.821918000000000,  20.783210000000000,  17.550909000000001,22,97,17,23,22,53, -70.843029999999999, -35.221516000000001
2021,OHiggins,Machali,OHig-Mach,304,CHL-ADM3-31136180B49811446,2577,  25.777425999999998,8919,  19.650250000000000,  19.650250000000000,   0.000000000000000,98,171,100,85,66,111, -70.333410999999998, -34.316372000000001
2021,Maule,Molina,Maul-Moli,305,CHL-ADM3-31136180B80385193,2575,  25.751246999999999,15849,  19.176414999999999,  19.176414999999999,   0.000000000000000,99,172,65,122,108,139, -70.946982000000006, -35.338039000000002
2021,Maule,Colbun,Maul-Colb,306,CHL-ADM3-31136180B84803036,1248,  24.700847000000000,4238,  18.710657999999999,  18.359909999999999,  17.492718000000000,155,268,152,171,206,57, -70.991200000000006, -36.064872999999999
2021,Maule,San Clemente,Maul-San ,307,CHL-ADM3-31136180B16270297,2515,  25.558843000000000,9893,  19.052652999999999,  18.800324000000000,  17.552119999999999,101,183,92,133,153,52, -70.838629999999995, -35.717258999999999
2021,"Araucania, La",Melipeuco,Arau-Meli,308,CHL-ADM3-31136180B95471842,278,  27.768785999999999,1173,  17.943870000000000,  17.943870000000000,   0.000000000000000,304,64,276,258,250,260, -71.594554000000002, -38.829476999999997
2021,"Rios, Los",Lago Ranco,Rios-Lago,309,CHL-ADM3-31136180B66391641,555,  27.772670999999999,1795,  19.021232000000001,  18.538133999999999,  18.061852999999999,251,24,246,137,180,47, -72.174209000000005, -40.376230999999997
2021,"Rios, Los",Futrono,Rios-Futr,310,CHL-ADM3-31136180B51272327,969,  24.602125999999998,3099,  20.455922999999999,  19.381043999999999,  20.038377000000001,193,283,188,39,95,9, -72.079580000000007, -40.122363999999997
2021,"Lagos, Los",Puerto Varas,Lago-Puer,311,CHL-ADM3-31136180B75153342,4912,  26.698537000000002,20234,  20.162272999999999,  20.162272999999999,   0.000000000000000,58,122,55,51,41,89, -72.420755000000000, -41.229799999999997
2021,"Lagos, Los",Hualaihue,Lago-Hual,312,CHL-ADM3-31136180B25949425,554,  27.772552000000001,1074,  17.832073000000001,  17.832073000000001,   0.000000000000000,252,26,281,272,264,273, -72.426962000000003, -42.138978000000002
2021,"Lagos, Los",Palena,Lago-Pale,313,CHL-ADM3-31136180B5265440,164,  27.768038000000001,198,  16.496711999999999,  16.496711999999999,   0.000000000000000,324,71,330,334,331,334, -71.961944000000003, -43.685144000000001
2021,"Lagos, Los",Futaleufu,Lago-Futa,314,CHL-ADM3-31136180B89884214,365,  27.769428999999999,445,  18.866123000000002,  18.866123000000002,   0.000000000000000,288,53,314,154,141,165, -72.009293999999997, -43.169668999999999
2021,Antofagasta,Ollague,Anto-Olla,315,CHL-ADM3-31136180B40712039,14,  28.459360000000000,82,  15.202911000000000,  15.202911000000000,   0.000000000000000,343,6,338,344,343,344, -68.271261999999993, -21.438116999999998
2021,Tarapaca,Pica,Tara-Pica,316,CHL-ADM3-31136180B10346676,342,  27.769618000000001,612,  18.563043000000000,  18.563043000000000,   0.000000000000000,294,52,302,190,174,195, -68.852152000000004, -20.380011000000000
2021,Atacama,Diego de Almagro,Atac-Dieg,317,CHL-ADM3-31136180B10673940,640,  24.332539000000001,2211,  17.382497999999998,  17.382497999999998,   0.000000000000000,239,311,223,299,295,300, -69.262174999999999, -26.209650000000000
2021,Atacama,Vallenar,Atac-Vall,318,CHL-ADM3-31136180B89699953,2998,  25.786244000000000,8647,  19.407869000000002,  19.407869000000002,   0.000000000000000,86,169,103,108,92,127, -70.636077000000000, -28.688556999999999
2021,Coquimbo,Vicuna,Coqu-Vicu,319,CHL-ADM3-31136180B73699634,1451,  25.134895000000000,8162,  18.433022000000001,  18.433022000000001,   0.000000000000000,138,217,107,208,194,213, -70.397876999999994, -29.935780999999999
2021,Metropolitana,Tiltil,Metr-Tilt,320,CHL-ADM3-31136180B78247313,1071,  24.991443000000000,3816,  18.063358000000001,  18.063358000000001,   0.000000000000000,180,230,162,249,239,252, -70.861692000000005, -33.063349000000002
2021,Valparaiso,Hijuelas,Valp-Hiju,321,CHL-ADM3-31136180B78228736,1212,  25.048351000000000,4526,  17.902950000000001,  17.902950000000001,   0.000000000000000,158,225,145,263,255,265, -71.084110999999993, -32.855839000000003
2021,Valparaiso,Quilpue,Valp-Quil,322,CHL-ADM3-31136180B57754670,7282,  26.719023000000000,25456,  20.379176000000001,  20.379176000000001,   0.000000000000000,37,120,41,43,35,86, -71.252199000000005, -33.142626999999997
2021,Metropolitana,Melipilla,Metr-Meli,323,CHL-ADM3-31136180B31895305,7805,  27.004783000000000,37155,  20.038406999999999,  20.038406999999999,   0.000000000000000,34,110,29,57,42,90, -71.184445999999994, -33.734211999999999
2021,OHiggins,Las Cabras,OHig-Las ,324,CHL-ADM3-31136180B56930597,1668,  25.448018999999999,7161,  20.112186999999999,  19.491737000000001,  19.340640000000000,126,194,114,54,83,22, -71.343086000000000, -34.153094000000003
2021,Metropolitana,San Pedro,Metr-San ,325,CHL-ADM3-31136180B47678864,775,  24.668361999999998,1506,  17.353307999999998,  17.353307999999998,   0.000000000000000,222,274,265,301,297,302, -71.451573999999994, -33.943137000000000
2021,Metropolitana,Alhue,Metr-Alhu,326,CHL-ADM3-31136180B49937959,341,  23.862795999999999,2163,  16.778670999999999,  16.778670999999999,   0.000000000000000,296,336,225,324,322,325, -71.034333000000004, -34.037571000000000
2021,OHiggins,Chimbarongo,OHig-Chim,327,CHL-ADM3-31136180B15441727,2437,  25.657384000000000,10243,  19.883640000000000,  19.013749000000001,  19.340640000000000,104,176,91,66,125,23, -70.982460000000003, -34.751713000000002
2021,OHiggins,Lolol,OHig-Lolo,328,CHL-ADM3-31136180B31059143,630,  24.663103000000000,2335,  18.323111999999998,  18.323111999999998,   0.000000000000000,242,277,217,222,210,225, -71.647260000000003, -34.769300000000001
2021,Maule,Hualane,Maul-Hual,329,CHL-ADM3-31136180B74534187,789,  24.415801999999999,2395,  18.230685999999999,  18.230685999999999,   0.000000000000000,219,305,213,234,223,237, -71.705533000000003, -34.939748999999999
2021,Maule,Rauco,Maul-Rauc,330,CHL-ADM3-31136180B91065456,726,  24.408835000000000,2597,  17.907048000000000,  17.907048000000000,   0.000000000000000,229,308,208,261,253,263, -71.447513000000001, -34.945490999999997
2021,OHiggins,Chepica,OHig-Chep,331,CHL-ADM3-31136180B93890527,1195,  24.779145000000000,5639,  19.029563000000000,  19.029563000000000,   0.000000000000000,162,257,129,135,123,149, -71.346400000000003, -34.795012999999997
2021,Maule,Teno,Maul-Teno,332,CHL-ADM3-31136180B92470011,2085,  25.626901000000000,11151,  18.300585999999999,  18.300585999999999,   0.000000000000000,111,177,86,225,213,228, -71.049457000000004, -34.879446000000002
2021,Maule,Romeral,Maul-Rome,333,CHL-ADM3-31136180B51199857,1297,  25.325125000000000,5944,  18.499534000000001,  18.499534000000001,   0.000000000000000,149,202,124,198,184,203, -70.737943000000001, -35.059111000000001
2021,OHiggins,San Fernando,OHig-San ,334,CHL-ADM3-31136180B51697423,4923,  26.496841000000000,20494,  20.704922000000000,  20.411753999999998,  19.334910000000001,57,132,53,27,33,24, -70.616600000000005, -34.736718000000003
2021,Maule,Parral,Maul-Parr,335,CHL-ADM3-31136180B60705089,3300,  25.907038000000000,9455,  19.397224999999999,  19.397224999999999,   0.000000000000000,79,161,97,109,93,128, -71.653306000000001, -36.245823000000001
2021,Nuble,Pinto,Nubl-Pint,336,CHL-ADM3-31136180B41148781,868,  24.527464999999999,1521,  20.049398000000000,  19.370017000000001,  19.342292000000000,205,295,264,56,96,20, -71.552085000000005, -36.902064000000003
2021,Nuble,San Ignacio,Nubl-San ,337,CHL-ADM3-31136180B80727531,862,  24.564481000000001,2392,  17.668109999999999,  17.668109999999999,   0.000000000000000,209,287,215,284,277,285, -71.995373999999998, -36.819436000000003
2021,Nuble,Pemuco,Nubl-Pemu,338,CHL-ADM3-31136180B27210815,364,  27.770818999999999,870,  16.590121000000000,  16.590121000000000,   0.000000000000000,289,38,291,330,327,330, -72.003313000000006, -36.989697999999997
2021,Nuble,San Nicolas,Nubl-San ,339,CHL-ADM3-31136180B61808571,674,  27.774030000000000,2750,  18.031295000000000,  18.031295000000000,   0.000000000000000,235,21,201,254,244,257, -72.235546999999997, -36.493032999999997
2021,Nuble,San Fabian,Nubl-San ,340,CHL-ADM3-31136180B65273683,274,  27.768917999999999,535,  18.816193999999999,  18.816193999999999,   0.000000000000000,305,59,307,159,147,170, -71.284019000000001, -36.609890999999998
2021,nuble,Niquen,nubl-Niqu,341,CHL-ADM3-31136180B79838723,781,  27.775476999999999,1999,  17.943417000000000,  17.943417000000000,   0.000000000000000,221,18,234,259,251,261, -71.918898999999996, -36.279178999999999
2021,Nuble,El Carmen,Nubl-El C,342,CHL-ADM3-31136180B33710496,833,  24.512772999999999,1690,  18.383751000000000,  18.383751000000000,   0.000000000000000,214,298,253,214,200,218, -71.882520000000000, -36.926389999999998
2021,Nuble,Coihueco,Nubl-Coih,343,CHL-ADM3-31136180B37662101,1544,  25.367051000000000,5023,  18.871381000000000,  18.871381000000000,   0.000000000000000,131,201,135,152,139,163, -71.549998000000002, -36.717334999999999
2021,Tarapaca,Pozo Almonte,Tara-Pozo,344,CHL-ADM3-31136180B86661872,791,  24.555022000000001,3190,  19.150459999999999,  19.150459999999999,   0.000000000000000,218,290,186,125,111,142, -69.372386000000006, -20.669651999999999
